{
  "Sing + Add car +Check car" : {
    "transaction" : "Sing + Add car +Check car",
    "sampleCount" : 10,
    "errorCount" : 1,
    "errorPct" : 10.0,
    "meanResTime" : 1087.8000000000002,
    "medianResTime" : 808.5,
    "minResTime" : 789.0,
    "maxResTime" : 2859.0,
    "pct1ResTime" : 2727.4000000000005,
    "pct2ResTime" : 2859.0,
    "pct3ResTime" : 2859.0,
    "throughput" : 0.6971070059254095,
    "receivedKBytesPerSec" : 1.314700243987452,
    "sentKBytesPerSec" : 0.7763484663645869
  },
  "Total" : {
    "transaction" : "Total",
    "sampleCount" : 30,
    "errorCount" : 1,
    "errorPct" : 3.3333333,
    "meanResTime" : 362.6,
    "medianResTime" : 66.0,
    "minResTime" : 59.0,
    "maxResTime" : 2287.0,
    "pct1ResTime" : 720.9000000000001,
    "pct2ResTime" : 1565.3999999999992,
    "pct3ResTime" : 2287.0,
    "throughput" : 2.0297699594046006,
    "receivedKBytesPerSec" : 1.2760064276048715,
    "sentKBytesPerSec" : 0.7534992388362652
  },
  "GET  Request  Add car" : {
    "transaction" : "GET  Request  Add car",
    "sampleCount" : 10,
    "errorCount" : 0,
    "errorPct" : 0.0,
    "meanResTime" : 64.4,
    "medianResTime" : 63.5,
    "minResTime" : 59.0,
    "maxResTime" : 72.0,
    "pct1ResTime" : 72.0,
    "pct2ResTime" : 72.0,
    "pct3ResTime" : 72.0,
    "throughput" : 0.8481044864727334,
    "receivedKBytesPerSec" : 0.41991110804851156,
    "sentKBytesPerSec" : 0.33808227673649394
  },
  "Sing in JSON" : {
    "transaction" : "Sing in JSON",
    "sampleCount" : 10,
    "errorCount" : 1,
    "errorPct" : 10.0,
    "meanResTime" : 873.7,
    "medianResTime" : 683.5,
    "minResTime" : 665.0,
    "maxResTime" : 2287.0,
    "pct1ResTime" : 2155.8,
    "pct2ResTime" : 2287.0,
    "pct3ResTime" : 2287.0,
    "throughput" : 0.711997152011392,
    "receivedKBytesPerSec" : 0.589066393734425,
    "sentKBytesPerSec" : 0.2343193752224991
  },
  "GET Check car" : {
    "transaction" : "GET Check car",
    "sampleCount" : 10,
    "errorCount" : 0,
    "errorPct" : 0.0,
    "meanResTime" : 149.7,
    "medianResTime" : 62.5,
    "minResTime" : 60.0,
    "maxResTime" : 500.0,
    "pct1ResTime" : 499.6,
    "pct2ResTime" : 500.0,
    "pct3ResTime" : 500.0,
    "throughput" : 0.8491847826086957,
    "receivedKBytesPerSec" : 0.4784957222316576,
    "sentKBytesPerSec" : 0.32773225203804346
  }
}